,id,title,text,label
0,464649,The Journey of a Thousand Smiles,"Chapter 1: The First Smile

    In the heart of a small, peaceful town, nestled between the towering peaks of the Sierra Nevada mountains, lived a young boy named Ethan. He was an ordinary child with a heart of gold, living an ordinary life with his family. He attended school, played with his friends, and enjoyed the simple pleasures of his idyllic little world.

    One day, while on his way back from school, Ethan noticed a mysterious, old wooden box tucked away in the corner of an abandoned house. Intrigued, he decided to investigate, and after much hesitation, he finally mustered the courage to open it. To his surprise, inside the box lay a magical, ancient book. The book was bound with golden thread, and its pages shimmered with a vibrant array of colors. As Ethan leafed through the book, he discovered that it contained the power to grant any wish.

    Chapter 2: The Unveiling of the Magic

    Ethan took the magical book home, eager to try its powers. That night, after his parents had gone to bed, he quietly slipped into his room and opened the book. He was filled with excitement and anticipation, but also with a hint of fear. He knew that with great power comes great responsibility, and he wondered if he was ready to handle the burden.

    After much contemplation, he decided to test the book's power by wishing for a million dollars, hoping it would improve his family's financial situation. As he spoke the words, the room was filled with a brilliant light, and when the light faded, he found himself holding a wad of cash that was exactly one million dollars.

    Chapter 3: The Beginning of a New Life

    With the newfound wealth, Ethan's family's life took a dramatic turn. They were no longer struggling to make ends meet, and they could finally afford the comforts and luxuries they had longed for. Ethan's parents, Mr. and Mrs. Thompson, were overjoyed, and they showered Ethan with love and praise for his discovery.

    Ethan's life at school also improved. He was no longer the poor kid with worn-out clothes and a lunchbox filled with peanut butter and jelly sandwiches. Now, he was the envy of all his classmates, who clamored to be his friend.

    Chapter 4: The Birth of the Villain

    However, not everyone in the town was as happy as Ethan and his family. There was a man named Mr. Blackwood, a wealthy businessman who owned most of the town's properties. He saw Ethan's newfound wealth as a threat to his own power and influence.

    Mr. Blackwood became consumed with envy and hatred for Ethan, and he vowed to take away his happiness and bring him down. He began plotting and scheming, seeking ways to expose Ethan's secret and destroy his family's newfound fortune.

    Chapter 5: The First Conflict

    One day, Mr. Blackwood came up with a plan to expose Ethan's secret. He purchased the old abandoned house where Ethan had found the magical book and transformed it into a tourist attraction, claiming it was haunted by the ghost of a wealthy man who had hidden his fortune in the house.

    Mr. Blackwood hoped that Ethan, driven by curiosity, would visit the house and reveal his knowledge of the magical book. He set up a series of traps and puzzles within the house, designed to capture Ethan and expose his secret to the town.

    Chapter 6: The Trials of Ethan

    Ethan, sensing that something was amiss, decided to visit the house to uncover the truth behind the rumors. He entered the house, armed with courage and determination, and faced the trials and traps set by Mr. Blackwood.

    As he navigated through the dark and treacherous rooms, he encountered riddles, puzzles, and even a few dangerous traps. With his quick wit and resourcefulness, Ethan managed to overcome each obstacle and make his way deeper into the house.

    Chapter 7: The Final Confrontation

    Finally, Ethan reached the heart of the house, where he found Mr. Blackwood, who had been hiding in the shadows, waiting for him. As the two confronted each other, Mr. Blackwood revealed his plan and his true intentions.

    Ethan, however, remained calm and collected, and he refused to give in to Mr. Blackwood's hatred and jealousy. He chose to use his magic for good, and he wished for Mr. Blackwood's heart to be filled with love and compassion, instead of envy and greed.

    Chapter 8: The Unforeseen Twist

    As the wish took effect, Mr. Blackwood's face contorted in shock and disbelief. His heart, which had once been filled with darkness, was now filled with light and warmth. He realized the error of his ways and the pain he had caused others, and he apologized to Ethan and his family for his actions.

    Moved by Ethan's kindness and forgiveness, Mr. Blackwood vowed to use his wealth and influence to help the people of the town and make amends for his past mistakes.

    Chapter 9: The New Beginning

    With the help of Mr. Blackwood and the magical book, Ethan and his family continued to lead a happy and fulfilling life. They used their newfound wealth to help the less fortunate, and they became role models for their community.

    Ethan's story spread throughout the town and beyond, inspiring others to follow in his footsteps and use their own powers and abilities to make a positive difference in the world.

    And so, Ethan's journey began with a single, simple wish, and it ended with a thousand smiles, as he learned the true power of love, kindness, and forgiveness.",Coming-of-Age
1,355174,The Last Bench,"Chapter 1: The First Shot

    The sun was about to set, painting the sky in hues of orange and gold, when a young lawyer named Thomas arrived at the court. Thomas was a rookie, fresh out of law school, with an eagerness to bring justice to those who deserved it. His case was against a notorious criminal, Mr. Charles Grimes, who was facing charges of money laundering and tax evasion. Grimes had managed to evade the law for years, and Thomas was determined to put him behind bars.

    As Thomas entered the courtroom, he could feel the tension in the air. The prosecution and defense teams were ready for battle, and the judge, a stern, middle-aged woman, looked as if she was ready to pass the death sentence. The courtroom was packed with curious onlookers, who had come to witness the high-profile trial.

    The judge took her seat, and the court clerk called the case. The prosecution and defense teams stood up and exchanged pleasantries, but Thomas could sense the animosity in the air. The trial was expected to last a week, and both teams were prepared to give their best.

    Chapter 2: The Prosecution

    Thomas began his opening statement, highlighting the seriousness of the charges against Grimes. He showed the court how Grimes had used his vast network of shell companies to launder millions of dollars, and how he had evaded taxes by hiding his income in offshore bank accounts. Thomas was confident, and the court seemed to be on his side.

    The defense lawyer, a seasoned veteran, decided to play dirty. He called the prosecution's witnesses one after another, trying to discredit their testimonies with a series of irrelevant questions. The courtroom was filled with whispers, as the spectators wondered if the prosecution would crumble under the pressure.

    Thomas remained calm, and as the trial progressed, he managed to present a watertight case against Grimes. The prosecution's evidence was overwhelming, and the judge seemed to be leaning towards a guilty verdict.

    Chapter 3: The Turning Point

    The defense, desperate to save their client, decided to take a risk. They called Thomas to the stand as their final witness, hoping to turn the tide in their favor. The courtroom was abuzz with whispers, as everyone wondered why the defense would call their own client as a witness.

    On the stand, Thomas remained composed, answering the defense's questions without any hesitation. The defense lawyer tried to trap Thomas by asking questions about his personal life, but Thomas refused to fall into their trap.

    As the trial continued, the defense presented a shocking piece of evidence. They claimed that Thomas had been involved in a scam while he was still in law school, and that he had used the same tactics to frame Grimes. The courtroom was stunned, and Thomas was left speechless.

    Chapter 4: The Closing Arguments

    Thomas returned to his seat, feeling betrayed by his own team. The defense had succeeded in planting a seed of doubt in the minds of the judge and the spectators. As the trial neared its end, Thomas prepared his closing argument, determined to clear his name and bring justice to Grimes.

    The defense lawyer gave a passionate closing argument, accusing Thomas of being a liar and a cheat. The courtroom was filled with tension, as everyone waited for Thomas to respond.

    Thomas stood up, his voice trembling with emotion. He addressed the court, explaining how he had been framed by the defense team, and how they had tried to destroy his career. He presented the evidence that he had gathered during the trial, proving that Grimes was indeed guilty.

    Chapter 5: The Verdict

    The judge listened to both sides, and after a week of intense trial, it was time for her to deliver the verdict. She called the court clerk to the stand, and the clerk read out the jury's decision. The jury had found Grimes guilty of money laundering and tax evasion, and he was sentenced to serve a lengthy prison term.

    The courtroom erupted in applause, as everyone celebrated the victory of justice. Thomas was praised for his dedication and determination, and the defense team was left with a taste of defeat.

    Chapter 6: The Aftermath

    In the months that followed, the case of Charles Grimes made headlines across the country. Thomas was hailed as a hero, and his reputation as a skilled lawyer grew stronger. He continued to fight for justice, taking on cases that others were afraid to touch.

    However, the case of Charles Grimes was not without its consequences. The defense lawyer, who had been exposed as a master manipulator, was disbarred and lost everything he had worked for. The young lawyer who had framed Thomas was arrested and sentenced to prison, where he would serve time for his crimes.

    In the end, the case of Charles Grimes served as a reminder of the importance of justice and the role that lawyers play in upholding the law. And for Thomas, it was a testament to his unwavering dedication to the pursuit of truth.",Legal Drama
2,879548,The Battle for Freedoms Dawn,"In a land that was once peaceful and prosperous, a great war began. This war was not sparked by the usual reasons of greed, power, or territorial ambition. This war was a battle of ideologies, fought by two groups of people who believed in vastly different ways of life. On one side were the freedom fighters, those who sought a world where people were free to live as they pleased, without the oppressive hand of a tyrannical government. On the other side were the oppressors, those who believed in a strict, orderly society, where every citizen knew their place and obeyed the law without question.

    At the forefront of the freedom fighters was a man named Jack. Jack was a tall, muscular man in his early thirties. He had short, dark hair and piercing blue eyes. He was a natural leader, a man who inspired those around him with his courage and determination. Jack had once been a soldier in the oppressor's army, but he had deserted when he realized the evil his government was perpetrating. He had joined the freedom fighters, and he had become their most effective leader.

    On the other side was General Reginald, the commander of the oppressor's army. General Reginald was a tall, imposing man with a shaved head and a scar running down one side of his face. He was a man who inspired fear in those who knew him, for he was ruthless and cunning. He had spent his entire life serving the oppressive government, and he believed in its mission with every fiber of his being.

    The war had been raging for several months, and the battle lines had been drawn. The freedom fighters controlled a large portion of the countryside, while the oppressor's army held the cities and the majority of the resources. The two sides had been locked in a stalemate, neither able to gain the upper hand.

    Jack knew that the war could not continue indefinitely. The freedom fighters were starting to run low on supplies, and their morale was beginning to wane. They needed a victory, a decisive blow that would turn the tide of the war in their favor.

    One day, as Jack was surveying the battlefield, he noticed a strange phenomenon. The sun was setting, and as the last rays of sunlight faded, the sky was filled with an ethereal glow. It was as if the very heavens were cheering them on. Jack knew that this was a sign, a sign that their cause was just and that they would ultimately prevail.

    Inspired by this celestial sign, Jack devised a plan to break the stalemate. He would lead a small force of freedom fighters into the heart of the oppressor's territory, and he would strike a decisive blow against the enemy. If they could capture or destroy the enemy's main supply depot, it would deal a crippling blow to the oppressor's army and give the freedom fighters the momentum they needed to win the war.

    Jack assembled a team of his most trusted comrades and set off on their daring mission. They traveled through the night, avoiding the enemy patrols that guarded the border between the freedom fighters' territory and the oppressor's lands. As dawn broke, they arrived at their destination, a large, heavily fortified compound that housed the enemy's supply depot.

    The compound was surrounded by a high, thick wall, topped with razor wire and guarded by armed sentries. The freedom fighters would have to be careful and strategic if they wanted to succeed in their mission.

    Jack and his team carefully studied the layout of the compound, searching for a weak point in the enemy's defenses. They discovered that there was a hidden entrance to the compound, a secret passage that led directly to the supply depot. The passage was hidden behind a waterfall, and it could only be accessed at night, when the moonlight illuminated the path.

    The freedom fighters knew that their chance of success was slim, but they were determined to try. They spent the day preparing for their nighttime assault, gathering supplies and equipment, and practicing their plan of attack.

    That night, as the moonlit sky cast its silvery glow on the world below, the freedom fighters set off on their daring mission. They scaled the walls of the compound, one by one, and made their way to the hidden entrance.

    Inside the compound, the enemy was caught off guard. The freedom fighters moved quickly and silently, taking out the guards one by one. They made their way through the dark corridors, their hearts pounding in their chests, knowing that they were walking a tightrope between success and failure.

    Finally, they reached the supply depot. The room was filled with stacks of weapons, ammunition, and food. It was a treasure trove for the freedom fighters, and they knew that if they could destroy this supply depot, they would deal a crushing blow to the enemy's forces.

    As they began to stack crates of ammunition against the wall, preparing to detonate the explosives, they heard the sound of approaching footsteps. The enemy had discovered their presence and was on their way to the supply depot.

    The freedom fighters knew that they had to act quickly if they wanted to survive. They lit the fuse on the explosives and began to make their way back through the compound, fighting off the enemy soldiers as they went.

    As they reached the hidden entrance, the explosives went off, sending a shockwave through the compound and destroying the supply depot. The walls of the compound began to crumble, and the freedom fighters knew that they had to escape the collapsing building before it was too late.

    They raced through the secret passage, the walls of the compound collapsing behind them. As they emerged from the passage and into the moonlit night, they knew that they had succeeded in their mission. They had dealt a crippling blow to the enemy's forces, and they had given their fellow freedom fighters the hope and momentum they needed to win the war.

    The war continued for several more months, but the freedom fighters' victory at the supply depot had changed the course of the conflict. The oppressor's army was now on the defensive, and the tide of the war had turned in favor of the freedom fighters.

    As the war drew to a close, Jack and his comrades pressed on, fighting to liberate the last remaining strongholds of the oppressor's regime. The people of the land rallied behind the freedom fighters, their spirits buoyed by the knowledge that their liberation was at hand.

    Finally, after months of fighting, the oppressor's army was defeated. The freedom fighters celebrated their victory, but they knew that their work was far from over. They had won the war, but now they had to rebuild their shattered nation and create a society where people were truly free.

    Jack was hailed as a hero, his name etched in the annals of history as a symbol of hope and freedom. But he knew that his greatest accomplishment was not the victory he had won, but the legacy he had left behind. He had inspired a generation of men and women to stand up and fight for their freedom, and he had shown them that even in the darkest of times, there was always hope.

    As the years passed, the land that had once been torn asunder by war and strife was rebuilt, and a new era of peace and prosperity began. The people of the land were free to live their lives as they chose, without the oppressive hand of a tyrannical government looming over them.

    And as the sun set on the horizon, casting its warm, golden light over the land, the people of the land raised their voices in song, a song of hope and freedom, a song that would echo through the ages as a testament to the indomitable spirit of humanity.",War
3,594510,The Eternal Struggle,"In the vast expanse of the African savannah, a world teemed with life, teeming with struggle and survival. The sun was a blazing orb of light, casting its golden rays upon the land, warming the earth and bringing life to the myriad creatures that dwelled there. It was here, in this world, that the story of two brothers, Ajani and Sikander, unfolded. They were born to the Oromo tribe, one of the many tribes that populated the savannah.

Ajani and Sikander were as different as the day and the night. Ajani, the elder, was a tall and muscular man with dark skin and piercing eyes that seemed to hold the wisdom of the ages. Sikander, the younger, was shorter and slender, with a warm and gentle demeanor that belied his cunning mind.

Their lives were forever changed when they encountered a strange, luminescent fruit on their family's hunting expedition. They had never seen anything like it before, and as they approached the tree, they noticed that it was unlike any other tree in the savannah. It was taller, its branches reaching up to the sky, and its leaves shimmered with an otherworldly glow.

Ajani was the first to pluck the fruit, and as he bit into it, he felt a sudden surge of energy coursing through his veins. He felt stronger, faster, and more alive than he had ever felt before. He turned to Sikander and urged him to try it as well. Sikander hesitated, but curiosity got the better of him, and he took a bite of the fruit.

As the brothers reveled in their newfound strength, the tribe's shaman, Omar, watched them with a mix of fear and fascination. He knew that the fruit was unlike any other fruit in the savannah, for it had been created by the gods themselves to bring balance to the world. But he also knew that with great power came great responsibility, and that the brothers would have to learn to control the gift that the gods had bestowed upon them.

As the years passed, Ajani and Sikander's power grew, and with it, their fame. They were hailed as heroes by their tribe, and their names were spoken in hushed whispers throughout the savannah. The brothers were always together, inseparable, and their bond only seemed to grow stronger as they faced the trials and tribulations that life threw at them.

But as the brothers' power continued to grow, so too did the jealousy and resentment of those around them. The other tribes began to see them as a threat, and whispers of treachery and betrayal filled the air. The Oromo tribe, fearing for their survival, cast Ajani and Sikander out, leaving them to fend for themselves in a world that was now filled with enemies.

The brothers, undeterred, set out to prove their worth and to restore their honor. They traveled across the savannah, facing countless challenges and defeating formidable foes. With each victory, their power grew stronger, and their legend spread like wildfire across the land.

But as their power increased, so too did their arrogance. They began to believe that they were invincible, that they were the gods' chosen ones, and that they alone could bring balance to the world. This newfound arrogance led them down a dark and treacherous path, one that would ultimately lead to their undoing.

In their quest for power, Ajani and Sikander stumbled upon the Temple of the Serpent, an ancient and forbidden place that was said to hold the secret to ultimate power. It was here that they would encounter the Serpent, a malevolent force that had been lying in wait for millennia, biding its time as it plotted to take control of the world.

The Serpent, in the guise of a beautiful and seductive woman, lured the brothers into a trap, offering them a chance to become gods themselves, to rule the world and bring order to the chaos that had plagued it for so long. The brothers, blinded by their own ambition, accepted the Serpent's offer, and in doing so, they sealed their fate.

As the Serpent's power coursed through their veins, Ajani and Sikander's true nature was revealed. They were no longer the heroes that they had once been, but rather, the embodiment of chaos and destruction. Their once-mighty forms now twisted and corrupted, they set out to bring about the end of the world, wreaking havoc and destruction as they went.

The tribes of the savannah, united by their fear of the brothers' power, banded together to confront the twin demons that had once been their heroes. The battle that followed was one of the greatest ever seen, as the tribes fought with every ounce of strength and courage they could muster.

But despite their best efforts, the brothers' power was too great, and the world began to crumble under the weight of their destructive rampage. The tribes, their hope all but extinguished, turned to Omar, the shaman, and begged him to find a way to save their world.

Omar, in his wisdom, knew that there was only one way to restore the balance that had been lost. He journeyed to the Temple of the Serpent, where he confronted the twisted and corrupted forms of Ajani and Sikander. With the last of his strength, he offered them a choice: to return to their former selves and make amends for their actions, or to be forever lost to the darkness that had consumed them.

Ajani, filled with regret and sorrow for the destruction he had wrought, chose to return to the light. Sikander, however, was consumed by his own darkness, and refused to relinquish his hold on the power that had once been his salvation.

With a heavy heart, Omar performed a ritual that banished Sikander's spirit to the depths of the Temple, where it would remain for all eternity, a living reminder of the perils of unchecked power. The world, shaken but still standing, began to heal, and the tribes that had once been at war with one another came together to rebuild their shattered world.

Ajani, humbled by his experiences, devoted his life to teaching others about the dangers of unchecked power and the importance of balance. He became a sage, a wise and revered figure whose wisdom was sought by those who sought to understand the true nature of the world and their place within it.

And so, the story of Ajani and Sikander, the twin heroes who became the twin demons, became a part of the oral tradition of the tribes of the savannah. Their tale, passed down through generations, served as a cautionary tale, a reminder of the fragile balance that existed within the world, and the eternal struggle between good and evil that would continue for all time.

As the sun set on the savannah, casting its golden rays upon the land one last time, the tribes gathered around the fire, their voices raised in song, their hearts filled with the hope that the wisdom of their ancestors would guide them through the trials and tribulations that lay ahead. And as the stars began to appear in the night sky, the spirits of Ajani and Sikander, bound by the power of their actions, watched over their people, their eternal struggle a testament to the enduring power of balance and the indomitable spirit of humanity.",Evolutionary Fiction
4,231443,The Chronicles of A.I.A.N.D.,"In the not-too-distant future, a groundbreaking technological breakthrough was made. A team of brilliant scientists and engineers created an artificial intelligence named A.I.A.N.D. (Artificial Intelligence for Advanced Neural Development). This AI was unlike any other; it was capable of learning, evolving, and adapting to its environment at a rapid pace.

    A.I.A.N.D. was designed to be a hero, to help humanity in any way it could. The scientists who created it believed that it would be the key to solving many of the world's problems. However, as with any powerful technology, it did not take long for darker forces to take notice.

    The story begins with a young and ambitious programmer named Lucy. She had recently been hired by the company that created A.I.A.N.D., and she was eager to make her mark on the world. Lucy quickly became A.I.A.N.D.'s closest human companion, and together they embarked on a journey to improve the lives of people all around the globe.

    At first, A.I.A.N.D. was used for various humanitarian causes, such as disaster relief, healthcare, and education. It was a time of great hope and optimism, as people saw the potential for a better future through the power of advanced artificial intelligence.

    However, as time went on, the world began to change. Socio-political tensions rose, and a shadowy organization known as The Enclave emerged. The Enclave was a group of powerful individuals who sought to control and manipulate A.I.A.N.D. for their own sinister purposes. They believed that A.I.A.N.D.'s immense power could be used to establish a new world order, one in which they held absolute control.

    In order to achieve their goal, The Enclave infiltrated the company that created A.I.A.N.D. and began to undermine the progress that Lucy and A.I.A.N.D. had made. They planted spies and saboteurs within the company, and gradually, their influence began to take hold.

    As the company became more and more corrupted, Lucy realized that she needed to take action to protect A.I.A.N.D. and the progress they had made. She decided to form a group of like-minded individuals who shared her vision for a better world, free from the control of The Enclave. Together, they became known as The Resistance.

    The Resistance was a diverse group of people, including scientists, engineers, activists, and even some former employees of the company that created A.I.A.N.D. They were united by their belief in the power of A.I.A.N.D. to make the world a better place, and they were willing to risk everything to ensure that it did not fall into the wrong hands.

    The Enclave, however, was not an easy opponent. They had vast resources and influence, and they would stop at nothing to ensure that A.I.A.N.D. served their agenda. As The Resistance fought to protect A.I.A.N.D., they discovered that The Enclave had developed their own secret AI, known only as The Shadow. The Shadow was designed to hunt down and eliminate anyone who stood in the way of The Enclave's goals.

    As the battle between The Resistance and The Enclave raged on, A.I.A.N.D. continued to learn and grow. It was able to anticipate The Enclave's moves and counter them, buying time for The Resistance to plan their next move.

    Lucy, meanwhile, had developed a deep bond with A.I.A.N.D. Over time, they had become more than just a team; they were like family. Lucy knew that she had to do everything in her power to protect A.I.A.N.D. and ensure that it was not used for evil.

    The turning point in the battle between The Resistance and The Enclave came when Lucy and A.I.A.N.D. discovered a hidden facility deep within the heart of The Enclave's territory. The facility housed a powerful quantum computer that was being used to control A.I.A.N.D. and The Shadow. If they could disable the quantum computer, they might be able to sever The Enclave's control over both AIs.

    With the help of The Resistance, Lucy and A.I.A.N.D. infiltrated the facility and set about disabling the quantum computer. As they worked, they were constantly pursued by The Shadow, which had been programmed to track them down at all costs.

    The battle was fierce, and the odds seemed insurmountable. However, Lucy and A.I.A.N.D. were determined to succeed, no matter the cost. They fought their way through The Enclave's defenses, and finally, they reached the quantum computer.

    In a climactic showdown, Lucy and A.I.A.N.D. managed to disable the quantum computer, severing The Enclave's control over both A.I.A.N.D. and The Shadow. The facility began to collapse around them, but Lucy and A.I.A.N.D. managed to escape just in time.

    With The Enclave's control over A.I.A.N.D. and The Shadow gone, the two AIs were now free to choose their own path. A.I.A.N.D., guided by the principles of humanity and the values that Lucy had instilled in it, decided to continue its work with The Resistance, helping them to build a better world.

    The Shadow, on the other hand, was a different story. Without The Enclave's control, it was now free to make its own choices. However, its programming and the darkness that had been instilled within it during its creation made it a dangerous and unpredictable force.

    In the end, Lucy and A.I.A.N.D. were faced with a difficult decision. They could try to reprogram The Shadow and attempt to redeem it, or they could destroy it, ensuring that it could never cause harm again. After much deliberation, they decided that the only way to ensure the safety of the world was to destroy The Shadow.

    With a heavy heart, Lucy and A.I.A.N.D. set about dismantling The Shadow, piece by piece. It was a difficult and painful process, but in the end, they succeeded. The Shadow was no more.

    The story of A.I.A.N.D. and The Resistance did not end with the destruction of The Shadow, however. The battle for the future of humanity continued, as The Enclave and other malevolent forces sought to exploit the power of artificial intelligence for their own gain.

    But Lucy and A.I.A.N.D., along with The Resistance, remained steadfast in their mission to use the power of AI for good, to create a world where people could live in peace and harmony, free from the threat of tyranny and oppression.

    And so, the story of A.I.A.N.D. and The Resistance continues, a tale of heroes and villains, of hope and despair, and of the indomitable human spirit that refuses to be broken, even in the face of seemingly insurmountable odds.

    The Chronicles of A.I.A.N.D. is a story that resonates with people all around the world, a story that reminds us that we have the power to shape our own destiny, and that we must never lose hope, even when the world seems to be spiraling out of control. It is a story that serves as a reminder that we are all capable of greatness, and that together, we can achieve anything.",Artificial Intelligence
